<?xml version="1.0" encoding="UTF-8"?>
<feature
      id="com.cb.eclipse.folding"
      label="Coffee Bytes Code Folding"
      version="1.0.6"
      provider-name="Coffee-Bytes"
      primary="true">
   <install-handler/>

   <description url="http://www.coffee-bytes.com/servlet/PlatformSupport">
      The Coffee-Bytes Platform Support Folding functionality increases the user control of the folding editors in the Eclipse platform.
   </description>

   <copyright>
      Copyright (c) 2006 Coffee-Bytes.com and others.
All rights reserved. This program and the accompanying materials
are made available under the terms of the Common Public License
v1.0
which accompanies this distribution, and is available at
http://www.opensource.org/licenses/cpl.php
Contributors:
--- Coffee-Bytes.com - initial API and implementation
   </copyright>

   <license url="http://www.opensource.org/licenses/cpl.php">
      Please see the associated url:
http://www.opensource.org/licenses/cpl.php
for more information on the Common Public License with which
this feature is licensed.
   </license>

   <url>
      <update label="Coffee-Bytes Platform Support" url="http://eclipse.coffee-bytes.com/update-site"/>
   </url>

   <requires>
      <import plugin="org.eclipse.ui"/>
      <import plugin="org.eclipse.core.runtime.compatibility"/>
      <import plugin="org.eclipse.jdt.ui"/>
      <import plugin="org.eclipse.jface.text"/>
      <import plugin="org.eclipse.ui.workbench.texteditor"/>
      <import plugin="org.eclipse.jdt.core"/>
      <import plugin="org.eclipse.ui.editors"/>
      <import plugin="org.eclipse.core.resources"/>
      <import plugin="org.eclipse.ant.core"/>
      <import plugin="org.eclipse.ant.ui"/>
   </requires>

   <plugin
         id="com.cb.eclipse.folding"
         download-size="0"
         install-size="0"
         version="1.0.6" unpack="false"/>

</feature>
